no	id	pipeline	server	tile_path	tiles	tile_gb	source_3857_tif	source_gb	source_updated	dem_dir	note
1	pref-nagano	A	shiworks2	raster-tiles/pref-nagano/nagano-csmap-tiles	2082482	116.7	E:/GIS/pref-nagano/csmap-py/nagano-dem-csmap-3857.tif	78.4	2025-05-24	E:/GIS/pref-nagano	最大のデータセット。外部利用あり(oh3lab.jp)
2	pref-okayama	A	shiworks2	raster-tiles/pref-okayama/okayama-csmap-tiles	1055497	71.6	E:/GIS/pref-okayama/csmap-py/okayama-dem-csmap-3857.tif	49.8	2025-06-16	E:/GIS/pref-okayama	外部利用あり(www.hb.pei.jp)
3	pref-shizuoka	B	shiworks	raster-tiles/pref-shizuoka/shizuoka-cs-tiles	1334759	68.6	H:/GIS/geospatial/SHIZUOKA-CS-2023/shizuoka-cs_epsg3857.tif	61.4	2023	H:/GIS/geospatial/SHIZUOKA-CS-2023/tif	静岡県配布のCS立体図を統合。作業一式310GB
4	pref-hiroshima-2022	A	shiworks	raster-tiles/pref-hiroshima/hiroshimapc-2022-cs-tiles	1050769	66.7	E:/GIS/pref-hiroshima-dem-2022/csmap-py/hiroshima-dem-2022-csmap-3857.tif	45.9	2025-05-18	E:/GIS/pref-hiroshima-dem-2022	2022年版
5	pref-kyoto	A	shiworks2	raster-tiles/pref-kyoto/kyoto-csmap-tiles	1148341	50.7	E:/GIS/pref-kyoto/csmap-py/kyoto-csmap-3857.tif	34.6	2025-05-12	E:/GIS/pref-kyoto	外部利用最多(奈良文化財研究所ほか)
6	pref-yamanashi	A	shiworks2	raster-tiles/pref-yamanashi/yamanashi-csmap-tiles	674084	44.8	E:/GIS/pref-yamanashi/csmap-py/yamanashi-csmap-3857.tif	31.4	2025-05-13	E:/GIS/pref-yamanashi	外部利用あり
7	tokyopc-tama-2023	A	shiworks	raster-tiles/tokyo-digitaltwin/tokyopc-tama-2023-cs-tiles	919919	42.4	E:/GIS/tokyopc-tama-2023/csmap-py/tokyopc-tama-dem-csmap-3857.tif	30.6	2025-05-25	E:/GIS/tokyopc-tama-2023	多摩地域
8	pref-tottori	A	shiworks2	raster-tiles/pref-tottori/tottori-csmap-tiles	705410	34.7	E:/GIS/pref-tottori/csmap-py/tottori-dem-csmap-3857.tif	23.5	2025-06-17	E:/GIS/pref-tottori
9	rinya-noto-2024	A	shiworks	raster-tiles/rinya/noto-2024-csmap-tiles	928465	30.7	D:/rinya/noto-2024-csmap/csmap-py/noto-2024-dem-csmap-3857.tif	19.6	2025-06-01	D:/rinya/noto-2024-csmap	林野庁 能登2024
10	pref-toyama	A	shiworks2	raster-tiles/pref-toyama/toyama-csmap-tiles	585248	28.1	E:/GIS/pref-toyama/csmap-py/toyama-csmap-3857.tif	18.5	2025-05-11	E:/GIS/pref-toyama	外部利用あり
11	pref-kanagawa	A	shiworks	raster-tiles/pref-kanagawa/kanagawapc-cs-tiles	387611	22.1	E:/GIS/pref-kanagawa/csmap-py/kanagawa-dem-csmap-3857.tif	14.8	2025-06-16	E:/GIS/pref-kanagawa
12	pref-saitama	A	shiworks	raster-tiles/pref-saitama/saitama-csmap-tiles	417318	21.5	E:/GIS/pref-saitama/lp-pointcloud/csmap-py/saitama-csmap-v2-3857.tif	14.0	2025-09-14	E:/GIS/pref-saitama/lp-pointcloud	ソースはv2。サーバ側がv1の可能性あり要確認
13	tokyopc-23ku-2024	A	shiworks	raster-tiles/tokyo-digitaltwin/tokyopc-23ku-2024-cs-tiles	369958	19.1	E:/GIS/tokyopc-23ku-2024/csmap-py/tokyopc-23ku-dem-csmap-3857.tif	14.0	2025-05-25	E:/GIS/tokyopc-23ku-2024	23区
14	pref-hiroshima	A	xs489works	raster-tiles/pref-hiroshima/hiroshimapc-cs-tiles	335398	17.4	E:/GIS/pref-hiroshima/csmap-py/hiroshima-dem-csmap-3857.tif	12.3	2025-06-25	E:/GIS/pref-hiroshima	2022年版より前
15	pref-miyagi	A	shiworks2	raster-tiles/pref-miyagi/miyagi-csmap-tiles	378859	17.4	E:/GIS/pref-miyagi/csmap-py/miyagi-dem-csmap-3857.tif	11.1	2025-06-12	E:/GIS/pref-miyagi
16	pref-osaka	B	xs489works	raster-tiles/pref-osaka/osaka-cs-tiles	450653	10.9	G:/GIS/geospatial/OSAKA-CS-2024/osaka-cs_epsg3857.tif	6.8	2024	G:/GIS/geospatial/OSAKA-CS-2024/tif	大阪府配布のCS立体図を統合
17	pref-wakayama	A	xs489works	raster-tiles/pref-wakayama/wakayamapc-cs-tiles	216085	7.7	C:/Users/yshiw/Documents/GIS/pref-wakayama/wakayama-dem-csmap-3857.tif	5.3	2026-06-28	C:/Users/yshiw/Documents/GIS/pref-wakayama	最新。shiworks側(213859枚5.7GB)と重複
18	tokyopc-shima-02	A	xs489works	raster-tiles/tokyo-digitaltwin/tokyopc-shima-02-2023-cs-tiles	288044	3.5	C:/Users/yshiw/Documents/GIS/tokyo-digitaltwin/tokyopc-shima-2023/csmap-py/tokyopc-shima-02-dem-csmap-3857.tif	1.8	2025-05-26	C:/Users/yshiw/Documents/GIS/tokyo-digitaltwin/tokyopc-shima-2023/tif/02	利島・鵜渡根島
19	tokyopc-shima-05	A	xs489works	raster-tiles/tokyo-digitaltwin/tokyopc-shima-05-2023-cs-tiles	75189	3.4	C:/Users/yshiw/Documents/GIS/tokyo-digitaltwin/tokyopc-shima-2023/csmap-py/tokyopc-shima-05-dem-csmap-3857.tif	2.2	2025-05-26	C:/Users/yshiw/Documents/GIS/tokyo-digitaltwin/tokyopc-shima-2023/tif/05	八丈島・八丈小島
20	tokyopc-shima-01	A	xs489works	raster-tiles/tokyo-digitaltwin/tokyopc-shima-01-2023-cs-tiles	46122	3.5	C:/Users/yshiw/Documents/GIS/tokyo-digitaltwin/tokyopc-shima-2023/csmap-py/tokyopc-shima-01-dem-csmap-3857.tif	1.9	2025-05-26	C:/Users/yshiw/Documents/GIS/tokyo-digitaltwin/tokyopc-shima-2023/tif/01	伊豆大島
21	tokyopc-shima-03	A	xs489works	raster-tiles/tokyo-digitaltwin/tokyopc-shima-03-2023-cs-tiles	29001	2.4	C:/Users/yshiw/Documents/GIS/tokyo-digitaltwin/tokyopc-shima-2023/csmap-py/tokyopc-shima-03-dem-csmap-3857.tif	1.7	2025-05-26	C:/Users/yshiw/Documents/GIS/tokyo-digitaltwin/tokyopc-shima-2023/tif/03	三宅島
22	tokyopc-shima-04	A	xs489works	raster-tiles/tokyo-digitaltwin/tokyopc-shima-04-2023-cs-tiles	11090	1.0	C:/Users/yshiw/Documents/GIS/tokyo-digitaltwin/tokyopc-shima-2023/csmap-py/tokyopc-shima-04-dem-csmap-3857.tif	0.7	2025-05-26	C:/Users/yshiw/Documents/GIS/tokyo-digitaltwin/tokyopc-shima-2023/tif/04	御蔵島
23	tokyopc-shima-06	A	xs489works	raster-tiles/tokyo-digitaltwin/tokyopc-shima-06-2023-cs-tiles	3456	0.3	C:/Users/yshiw/Documents/GIS/tokyo-digitaltwin/tokyopc-shima-2023/csmap-py/tokyopc-shima-06-dem-csmap-3857.tif	0.2	2025-05-26	C:/Users/yshiw/Documents/GIS/tokyo-digitaltwin/tokyopc-shima-2023/tif/06	青ヶ島
